Keyword,Search Volume
rncp,33100
dpc,18100
formation professionnelle,8100
opco formation,5400
certification qualiopi,4400
formation cpf liste,3600
formation développement professionnel continu,2900
feuille d'émargement,2900
liste formation cpf,2900
opca,2900
cpf liste formation,2400
cpf liste des formations,2400
qualiopi certification,1900
liste des formations cpf,1900
logo qualiopi,1900
méthode active,1 900
pedagogie active,1 700
formation entreprise,1600
définition tutorat,1600
attestation de formation,1300
datadock,1300
formation en entreprise,1300
formation par entreprise,1300
critere 2,1300
expérientielle,1 300
bilan pédagogique et financier,1000
convention de formation,1000
cpf c'est quoi,1000
entreprise formation,1000
cpf formations éligibles,1000
opco definition,1000
opco def,1000
référentiel qualiopi,1000
rncp c'est quoi,1000
tutorat def,1000
tutorat définition,1000
liste des formation cpf,880
liste formation éligible cpf 2024,880
qualiopi logo,880