Keyword,Search Volume,clusters
rncp,33100,Certification & référentiels
dpc,18100,Formation professionnelle
formation professionnelle,8100,Formation professionnelle
opco formation,5400,OPCO & financement
certification qualiopi,4400,Qualiopi
formation cpf liste,3600,CPF
formation développement professionnel continu,2900,Formation professionnelle
feuille d'émargement,2900,Formation professionnelle
liste formation cpf,2900,CPF
opca,2900,OPCO & financement
cpf liste formation,2400,CPF
cpf liste des formations,2400,CPF
qualiopi certification,1900,Qualiopi
liste des formations cpf,1900,CPF
logo qualiopi,1900,Qualiopi
méthode active,1 900,Formation professionnelle
pedagogie active,1 700,Formation professionnelle
formation entreprise,1600,Formation professionnelle
définition tutorat,1600,Formation professionnelle
attestation de formation,1300,Formation professionnelle
datadock,1300,Qualiopi
formation en entreprise,1300,Formation professionnelle
formation par entreprise,1300,Formation professionnelle
critere 2,1300,Qualiopi
expérientielle,1 300,Formation professionnelle
bilan pédagogique et financier,1000,Formation professionnelle
convention de formation,1000,Formation professionnelle
cpf c'est quoi,1000,CPF
entreprise formation,1000,Formation professionnelle
cpf formations éligibles,1000,CPF
opco definition,1000,OPCO & financement
opco def,1000,OPCO & financement
référentiel qualiopi,1000,Qualiopi
rncp c'est quoi,1000,Certification & référentiels
tutorat def,1000,Formation professionnelle
tutorat définition,1000,Formation professionnelle
liste des formation cpf,880,CPF
liste formation éligible cpf 2024,880,CPF
qualiopi logo,880,Qualiopi
