Catégorie,Mot-clé,Volume / mois
Salaire & droit,salaire brut en net,58000
Intérim & contrats,interim,44000
Intérim & contrats,lettre de demission,38000
Salaire & droit,salaire moyen france,31000
Salaire & droit,calcul salaire brut en net,23000
Intérim & contrats,interimaire santé,21000
Salaire & droit,salaire median france,20000
Salaire & droit,convertisseur brut net,16000
Autres,cv parfait,14000
Salaire & droit,brut au net,14000
Salaire & droit,convertir brut en net,12000
Autres,product owner,12000
Intérim & contrats,ifm,12000
Intérim & contrats,lettre de démission,11000
Intérim & contrats,préavis démission,11000
Intérim & contrats,cdd,11000
Métiers & fiches métier,preparateur de commande,11000
Intérim & contrats,lettre de démission cdi,10000
Intérim & contrats,exemple lettre de démission,10000
Intérim & contrats,intérim,9900
Aéro : marques & actu,safran recrutement,9500
Intérim & contrats,boite interim,9400
Autres,manutentionnaire,9300
Salaire & droit,calcul brut en net,8600
Autres,adv,8600
Autres,permis poids lourd,8500
Intérim & contrats,lettre de démission sans préavis,8400
Salaire & droit,salaire moyen en france,8400
Salaire & droit,calcul net brut,8300
Salaire & droit,salaire net en brut,8100
Autres,compétence cv,7500
Autres,daf,7200
Autres,chauffeur poids lourd,7200
Salaire & droit,salaire avocat,6900
Intérim & contrats,interimaire sante,6700
Métiers & fiches métier,cariste,6400
Intérim & contrats,modele lettre de demission,6200
Salaire & droit,conversion salaire brut net,6100
Salaire & droit,salaire comptable,6000
Autres,locapass,5900
Salaire & droit,comptable salaire,5400
Salaire & droit,brut et net,5400
Intérim & contrats,lettre demission,5400
Intérim & contrats,preavis cdi,5300
Intérim & contrats,demission sans preavis,5200
Salaire & droit,calculer brut en net,5000
Autres,assessment,4700
Intérim & contrats,lettre de démission simple,4700
Intérim & contrats,interimaire prevoyance,4500
Autres,hrbp,4400
Salaire & droit,salaire médian france,4400
Salaire & droit,salaire brut salaire net,4300
Intérim & contrats,mission interim,4300
Intérim & contrats,modèle lettre de démission,4200
Salaire & droit,brut net calcul,4200
Intérim & contrats,interim santé,4000
Autres,fp&a,3900
Intérim & contrats,prevoyance interimaire,3700
Intérim & contrats,préavis démission cdi,3700
Intérim & contrats,mutuelle interimaire,3600
Intérim & contrats,cdi interimaire,3600
Métiers & fiches métier,préparateur de commande,3600
Salaire & droit,convertir salaire brut en net,3500
Intérim & contrats,agence intérim,3500
Intérim & contrats,intérimaire santé,3400
Salaire & droit,juriste salaire,3400
Salaire & droit,brut à net,3400
Aéro : marques & actu,airbus recrutement,3300
Intérim & contrats,lettre démission,3200
Autres,comment faire un cv,3200
Intérim & contrats,ifm interim,3200
Local : intérim + ville,fabula paris,3100
Autres,key account manager,3000
Salaire & droit,salaire median,3000
Intérim & contrats,démission préavis,3000
Salaire & droit,banquier salaire,3000
Intérim & contrats,modèle lettre de démission avec préavis,3000
Intérim & contrats,preavis demission,2900
Salaire & droit,salaire juriste,2900
Intérim & contrats,lettre de demission cdd,2900
Autres,agent de production,2900
Salaire & droit,salaire brut net calcul,2800
Autres,linkedin profil,2800
Salaire & droit,salaire chauffeur de bus,2800
Local : intérim + ville,ece paris,2800
Intérim & contrats,lettre de démission exemple,2700
Salaire & droit,conversion brut en net,2700
Salaire & droit,salaire moyen,2700
Local : intérim + ville,interim toulouse,2700
Salaire & droit,augmentation salaire,2600
Salaire & droit,différence brut net,2600
Salaire & droit,salaire brut a net,2600
Métiers & fiches métier,tourneur fraiseur,2600
Autres,dessinateur projeteur,2500
Intérim & contrats,lettre de démission avec préavis,2500
Autres,manager de transition,2500
Autres,inventoriste,2400
Salaire & droit,conversion net brut,2400
Autres,compétences cv,2400
Intérim & contrats,comment démissionner,2400
Salaire & droit,avocat salaire,2400
Intérim & contrats,modèle lettre de démission sans préavis,2300
Local : intérim + ville,emploi toulouse,2300
Autres,management de transition,2300
Autres,agent de tri,2300
Intérim & contrats,exemple de lettre de démission,2300
Salaire & droit,moyenne salaire france,2200
Intérim & contrats,lettre de démission remise en main propre,2200
Salaire & droit,calcul net en brut,2200
Autres,poid lourd,2200
Intérim & contrats,modèle de lettre de démission simple,2200
Salaire & droit,calcul salaire brut,2200
Salaire & droit,conversion salaire brut en net,2200
Intérim & contrats,cdii,2200
Intérim & contrats,comment faire une lettre de démission,2100
Autres,agent de quai,2100
Autres,job d'été,2100
Salaire & droit,salaire drh,2000
Autres,saisonnier,2000
Salaire & droit,montant brut en net,2000
Autres,profil linkedin,2000
Salaire & droit,salaire brut vers net,1900
Intérim & contrats,lettre de demission cdi,1900
Intérim & contrats,préavis de démission,1900
Intérim & contrats,intérimaire prévoyance,1900
Intérim & contrats,interimaire,1900
Autres,job d'été autour de moi,1900
Autres,scar h,1800
Autres,jetairfly,1800
Autres,responsable administratif et financier,1800
Autres,aeroflot,1800
Autres,emploi saisonnier,1800
Aéro : marques & actu,dassault recrutement,1800
Autres,chasseur de tete,1800
Autres,mro,1800
Local : intérim + ville,interim bordeaux,1800
Autres,combien gagne un avocat,1700
Intérim & contrats,modele de lettre de demission,1700
Autres,commandant de bord,1700
Autres,véhicule blindé de combat,1700
Métiers & fiches métier,operateur de production,1700
Autres,lgm,1700
Salaire & droit,calcul salaire net en brut,1700
Salaire & droit,différence entre brut et net,1700
Salaire & droit,comment calculer son salaire net,1600
Intérim & contrats,démission sans préavis,1600
Autres,flybe,1600
Salaire & droit,salaire moyen francais,1600
Métiers & fiches métier,infirmier salaire,1600
Autres,permis poid lourd,1600
Autres,mfcd,1600
Salaire & droit,salaire net moyen france,1600
Autres,workaholic,1600
Salaire & droit,calcule salaire net,1600
Intérim & contrats,modèle de lettre de démission,1600
Autres,trigo,1600
Salaire & droit,brut ou net,1600
Autres,plan de carrière,1600
Autres,compagnie low cost,1600
Autres,mary jackson,1600
Autres,fiscaliste,1500
Autres,ingénieur d'affaire,1500
Autres,travail saisonnier,1500
Salaire & droit,salaire net et brut,1500
Local : intérim + ville,ipsa toulouse,1500
Salaire & droit,salaire assistante de direction,1500
Salaire & droit,grille salaire,1500
Salaire & droit,simulation salaire net,1500
Autres,vhr,1500
Salaire & droit,drh salaire,1500
Salaire & droit,4000 brut en net,1500
Autres,directeur commercial,1500
Intérim & contrats,lettre demission sans preavis,1500
Salaire & droit,calculateur salaire net,1500
Local : intérim + ville,offre d'emploi toulouse,1500
Autres,grille salariale,1500
Autres,commercial aircraft corporation of china,1400
Salaire & droit,salaire france,1400
Autres,directeur financier,1400
Salaire & droit,différence salaire brut et net,1400
Autres,skys,1400
Intérim & contrats,lettre de démission cdi sans préavis,1400
Autres,revenu moyen france,1400
Métiers & fiches métier,preparateur de commande interim,1400
Salaire & droit,calculer le brut en net,1400
Salaire & droit,quel est le salaire moyen en france,1400
Autres,dci,1400
Autres,directeur administratif et financier,1400
Autres,heliconia,1400
Salaire & droit,salaire brut au net,1400
Salaire & droit,salaire brut net france,1400
Salaire & droit,salaire commercial,1400
Autres,tupolev,1400
Intérim & contrats,durée préavis démission,1400
Autres,page online,1400
Métiers & fiches métier,salaire controleur de gestion,1400
Autres,airplane,1400
Autres,cofreo,1300
Salaire & droit,grille de salaire,1300
Salaire & droit,calcul brut net salaire,1300
Intérim & contrats,lettre de démission modèle,1300
Autres,pratt & whitney,1300
Autres,chauffeur pl,1300
Salaire & droit,salaire banquier,1300
Aéro : marques & actu,airbus career,1300
Autres,eurodrone,1300
Salaire & droit,planette,1300
Salaire & droit,conducteur de travaux salaire,1300
Intérim & contrats,cet interim,1300
Autres,que mettre dans un cv,1300
Autres,competence cv,1300
Local : intérim + ville,emploi paris,1300
Autres,meaulte,1200
Intérim & contrats,durée préavis démission cdi,1200
Salaire & droit,brut to net france,1200
Salaire & droit,comment calculer le salaire net,1200
Salaire & droit,calculer net en brut,1200
Salaire & droit,calculer son salaire net,1200
Autres,gulfstream g650,1200
Salaire & droit,salaire en france,1200
Autres,how to negotiate salary,1200
Salaire & droit,salaires,1200
Intérim & contrats,interimaires sante,1200
Autres,directeur des opérations,1200
Autres,bolloré logistics,1200
Salaire & droit,ingénieur aéronautique salaire,1200
Autres,compétences professionnelles,1200
Autres,beechcraft,1200
Métiers & fiches métier,opérateur de production,1200
Local : intérim + ville,offre d'emploi bordeaux,1200
Autres,conducteur d'engin,1200
Local : intérim + ville,agence interim paris,1200
Autres,lettre demande rupture conventionnelle,1200
Autres,javelin,1200
Salaire & droit,salaire médian,1200
Autres,eod,1200
Intérim & contrats,lettre de démission cdi avec préavis,1200
Local : intérim + ville,intérim paris,1200
Autres,competences cv,1100
Autres,compliance officer,1100
Intérim & contrats,modele lettre de démission,1100
Intérim & contrats,boite d’interim,1100
Autres,f-16,1100
Autres,méthode star,1100
Autres,tertiaire def,1100
Autres,bae systems,1100
Salaire & droit,comment négocier son salaire,1100
Autres,cablage,1100
Autres,site de covoiturage,1100
Intérim & contrats,lettre démission cdi,1100
Autres,renouvelable,1100
Intérim & contrats,modele lettre demission,1100
Autres,low cost,1100
Autres,pierre conesa,1100
Autres,coffreur bancheur,1100
Autres,comac,1100
Autres,question entretien,1100
Autres,kam,1100
Salaire & droit,pourcentage brut net,1100
Salaire & droit,salaire conseiller bancaire,1000
Autres,compétences techniques,1000
Intérim & contrats,faire une lettre de démission,1000
Autres,rj,1000
Salaire & droit,comment calculer un salaire brut en net,1000
Intérim & contrats,intérimaires santé,1000
Salaire & droit,net ou brut,1000
Autres,red moon,1000
Autres,julien hossein,1000
Autres,black hawk,1000
Autres,k9,1000
Autres,cirrus vision jet,1000
Autres,babcock,1000
Intérim & contrats,interimaires santé,1000
Salaire & droit,salaire brut mensuel,1000
Salaire & droit,salaire infirmière,1000
Autres,pghm,1000
Autres,ensmm,1000
Autres,hemeria,1000
Salaire & droit,salaire median en france,1000
Métiers & fiches métier,interim preparateur de commande,1000
Autres,plantronics,1000
Salaire & droit,difference brut net,1000
Autres,ewa,1000
Salaire & droit,salaire brute en net,1000
Autres,directeur technique,1000
Salaire & droit,salaires brut net,1000
Intérim & contrats,exemple lettre de demission,1000
Autres,royal air maroc contact,1000
Autres,job saisonnier,1000
Intérim & contrats,boîte d'intérim,1000
Intérim & contrats,job interim,900
Intérim & contrats,cdi intérimaire,900
Intérim & contrats,mission d'intérim,900
Local : intérim + ville,agence interim toulouse,900
Intérim & contrats,travail interim,900
Local : intérim + ville,offre emploi toulouse,900
Local : intérim + ville,air algerie paris,900
Salaire & droit,34000 brut en net,900
Autres,switchblade,900
Autres,methode star,900
Salaire & droit,salaire mensuel,900
Salaire & droit,salaire ingénieur débutant,900
Autres,maersk denain,900
Autres,raytheon,900
Autres,f126,900
Formation & reconversion,formation chauffeur poids lourd,900
Autres,offre parrainage,900
Salaire & droit,différence brut et net,900
Autres,sabena technics,900
Local : intérim + ville,interim brest,900
Autres,us air force,900
Autres,consultant sap,900
Autres,site babysitting,900
Intérim & contrats,démissionner,900
Autres,car blablacar,900
Autres,emploi monaco,900
Autres,exemple de compétence,900
Autres,compagnies aériennes,900
Autres,cathay,900
Autres,emploi cadre,900
Salaire & droit,net brut calcul,900
Salaire & droit,salaire net salaire brut,900
Intérim & contrats,lettre de demission sans preavis,900
Autres,revenu médian france,900
Salaire & droit,calcul salaire net brut,900
Autres,plan de carriere,900
Autres,msl,900
Autres,nse,900
Autres,compétences à mettre dans un cv,900
Autres,lampe led plafond,800
Salaire & droit,salaire brut en salaire net,800
Autres,oneworld,800
Autres,hpu,800
Salaire & droit,60000 brut en net,800
Autres,ixblue,800
Salaire & droit,conversion brut net salaire,800
Local : intérim + ville,interim toulon,800
Intérim & contrats,interim btp,800
Intérim & contrats,interim rungis,800
Autres,job d'ete,800
Autres,comportement toxique,800
Autres,je serai absente,800
Autres,777x,800
Autres,job ete,800
Métiers & fiches métier,controleur aerien,800
Autres,ingénieur d'affaires,800
Salaire & droit,différence entre salaire brut et net,800
Intérim & contrats,demissionner,800
Autres,phalanx,800
Autres,page emplois,800
Autres,avianca avis,800
Autres,agence de recrutement,800
Autres,liste de compétences,800
Autres,cesna,800
Local : intérim + ville,estaca paris,800
Autres,sukhoi,800
Métiers & fiches métier,ajusteur monteur aéronautique,800
Intérim & contrats,modèle lettre de démission cdi,800
Intérim & contrats,mutuelle intérimaire,800
Autres,responsable adv,800
Autres,servair,800
Salaire & droit,simulation brut net,800
Aéro : marques & actu,safran offre d'emploi,800
Local : intérim + ville,agence d'intérim paris,800
Autres,comment faire un cv gratuit,800
Formation & reconversion,formation poid lourd,800
Autres,agent de transit,800
Salaire & droit,pilote de chasse salaire,800
Salaire & droit,nettoyage industriel,800
Autres,marsh assurance,800
Autres,b2 bomber,800
Autres,enspima,700
Autres,edge explore 2,700
Salaire & droit,assistant de direction salaire,700
Autres,h125,700
Autres,category manager,700
Autres,assistante comptable,700
Salaire & droit,estimation salaire,700
Salaire & droit,3700 brut en net,700
Autres,questions entretien,700
Salaire & droit,salaire annuel brut en net,700
Autres,pontier,700
Intérim & contrats,calcul salaire interim,700
Salaire & droit,passage brut net,700
Salaire & droit,durée préavis,700
Autres,air bus,700
Autres,voiture volante chine,700
Salaire & droit,salaire médian en france,700
Autres,marines,700
Autres,soprano eori,700
Local : intérim + ville,lycée saint exupéry blagnac,700
Autres,liste de défaut,700
Intérim & contrats,lettre de démission cdd,700
Autres,cargolux,700
Autres,pc12,700
Autres,air algerie opera,700
Autres,agent de fabrication,700
Autres,global 7500,700
Autres,pageonline,700
Autres,offre d'emploi monaco,700
Intérim & contrats,lettre type demission,700
Intérim & contrats,modèle lettre démission,700
Autres,voltaero,700
Autres,association du transport aérien international,700
Autres,prétentions salariales,700
Autres,comment faire un bon cv,700
Local : intérim + ville,intérim toulouse,700
Autres,nouveau treillis français,700
Autres,middle office,700
Intérim & contrats,boite d interim,700
Intérim & contrats,interim beauvais,700
Intérim & contrats,mission intérim,700
Autres,ge aerospace,700
Salaire & droit,salaire moyen français,700
Autres,myadequat,700
Autres,premier cv sans expérience 16 ans,700
Intérim & contrats,interim haguenau,700
Intérim & contrats,interim beziers,700
Intérim & contrats,démission cdi préavis,700
Autres,eurocopter,700
Autres,winsearch,700
Autres,préparation de commande,700
Intérim & contrats,exemple lettre de démission cdi,700
Intérim & contrats,interim le havre,700
Autres,offre emploi rqth temps partiel,700
Autres,service commercial,700
Intérim & contrats,lettre de demission exemple,600
Salaire & droit,netiquette,600
Autres,parlez moi de vous,600
Autres,royal air maroc service client,600
Intérim & contrats,missions interim,600
Local : intérim + ville,interim bayonne,600
Intérim & contrats,interim arras,600
Local : intérim + ville,cir tarbes,600
Intérim & contrats,interim administratif,600
Local : intérim + ville,interim poitiers,600
Intérim & contrats,boite d'intérim,600
Autres,fastt location voiture,600
Intérim & contrats,compte cet,600
Intérim & contrats,interim montelimar,600
Autres,job d'été 2026,600
Autres,site covoiturage,600
Intérim & contrats,boite intérim,600
Local : intérim + ville,boite interim marseille,600
Aéro : marques & actu,recrutement safran,600
Salaire & droit,cabinet recrutement,600
Salaire & droit,brut net convertisseur,600
Autres,f-18,600
Local : intérim + ville,offre emploi paris,600
Autres,offre d'emploi rh,600
Autres,emploi ressources humaines,600
Autres,emploi dole,600
Autres,global 8000,600
Autres,atouts cv,600
Autres,geodis contact,600
Autres,chauffeur poid lourd,600
Intérim & contrats,lettre de demission model,600
Autres,questions entretien d'embauche,600
Salaire & droit,revenu brut net,600
Métiers & fiches métier,tuyauteur,600
Autres,demande en ligne accréditation résident corse,600
Salaire & droit,simulateur net brut,600
Autres,turgis et gaillard,600
Autres,gestionnaire adv,600
Autres,pc24,600
Autres,iran air,600
Autres,loca pass garant,600
Autres,honda jet,600
Autres,liste de compétences personnelles,600
Autres,parking valet orly,600
Autres,sabena,600
Autres,biometrique,600
Local : intérim + ville,air algérie paris,600
Salaire & droit,de brut a net,600
Autres,adv signification,600
Intérim & contrats,exemple de lettre de demission,600
Salaire & droit,comment calculer salaire net,600
Autres,aam,600
Autres,contract manager,600
Autres,kongsberg,600
Autres,lettre de demision,600
Local : intérim + ville,boite interim paris,600
Intérim & contrats,travailler en interim,600
Intérim & contrats,interim bourg en bresse,600
Intérim & contrats,interim cergy,600
Intérim & contrats,démission sans préavis cdi,600
Salaire & droit,brut en ney,600
Autres,poly lens,600
Autres,bombardier global 8000,600
Salaire & droit,salaire brut en net calcul,600
Salaire & droit,brut net calculator,600
Salaire & droit,brut et net salaire,600
Intérim & contrats,interim compiegne,600
Intérim & contrats,interimaires prevoyance,600
Intérim & contrats,interim meaux,600
Intérim & contrats,interim aubagne,600
Intérim & contrats,interim narbonne,600
Intérim & contrats,interim roanne,600
Intérim & contrats,interim evreux,600
Local : intérim + ville,agence interim bordeaux,600
Autres,recruitment,600
Autres,filiaire,600
Autres,oril,600
Autres,emploi informatique,600
Autres,cv competence,500
Autres,alcoa,500
Salaire & droit,70000 brut en net,500
Salaire & droit,assistante de direction salaire,500
Autres,conseil rh,500
Formation & reconversion,alternance air france,500
Salaire & droit,calcul net brut salaire,500
Autres,test papi,500
Autres,busbar,500
Autres,lettre demande de rupture conventionnelle,500
Autres,valljet,500
Salaire & droit,conversion net en brut,500
Aéro : marques & actu,safran emploi,500
Intérim & contrats,travail temporaire,500
Intérim & contrats,démission lettre,500
Salaire & droit,repartition salaire france,500
Intérim & contrats,lettre de demission modele,500
Salaire & droit,salaire moyen net france,500
Autres,emploi rodez,500
Salaire & droit,calcule brut net,500
Autres,lockheed c-130 hercules,500
Autres,analyst,500
Intérim & contrats,intérim santé,500
Autres,m88,500
Autres,emploi guadeloupe,500
Autres,emploi assurance,500
Autres,ebavurage,500
Local : intérim + ville,boite d'interim paris,500
Autres,bombardier d'eau russe,500
Autres,venu,500
Salaire & droit,salaire ingénieur aéronautique,500
Intérim & contrats,exemple lettre démission,500
Autres,cetim senlis,500
Formation & reconversion,eformation,500
Autres,northrop grumman,500
Autres,faire un bon cv,500
Autres,offre emploi monaco,500
Autres,wfs,500
Autres,air senegal contact,500
Autres,bruno even,500
Salaire & droit,brut a net salaire,500
Intérim & contrats,interim villefranche sur saone,500
Autres,comptable fournisseur,500
Local : intérim + ville,mission interim paris,500
Autres,uac,500
Autres,sr 72,500
Autres,air austral contact,500
Autres,responsable maintenance,500
Autres,maçon vrd,500
Local : intérim + ville,air china paris,500
Salaire & droit,calculer le salaire net,500
Autres,amazone recrutement,500
Salaire & droit,calculer brut net,500
Aéro : marques & actu,safran carriere,500
Autres,usaf,500
Autres,chasseur de tête,500
Intérim & contrats,ifm intérim,500
Autres,elodie brunot,500
Salaire & droit,directeur financier salaire,500
Salaire & droit,passer du net au brut,500
Autres,offre d'emploi ressources humaines,500
Intérim & contrats,interim blois,500
Métiers & fiches métier,cariste metier,500
Autres,job d’ete,500
Autres,trouver un job d'été,500
Intérim & contrats,interim prevoyance,500
Autres,agent de production agroalimentaire,500
Autres,emploi bain de bretagne,500
Intérim & contrats,interim lorient,500
Intérim & contrats,interim vienne,500
Intérim & contrats,interim evry,500
Intérim & contrats,interim villepinte,500
Intérim & contrats,interim restauration,500
Autres,job aout,500
Autres,secteur tertiaire def,500
Autres,tolier,500
Autres,avangard,500
Autres,responsable supply chain,500
Métiers & fiches métier,salaire technicien,500
Aéro : marques & actu,safran jobs,500
Autres,corsair contact téléphone,500
Intérim & contrats,interim macon,500
Autres,cir rodez,500
Autres,job d'été 16 ans supermarché,500
Intérim & contrats,interim auxerre,500
Salaire & droit,chargé de recrutement salaire,500
Autres,les compétences,500
Autres,exemple compétence cv,500
Autres,culture d'entreprise,500
Autres,compétences dans un cv,500
Autres,calcul smic,500
Intérim & contrats,durée préavis cdi,500
Autres,alyzia recrutement,500
Autres,combien gagne une infirmière,500
Salaire & droit,salaire médian france brut,500
Local : intérim + ville,offres d'emploi toulouse,500
Autres,liste de compétences professionnelles,500
Autres,responsable technique,500
Salaire & droit,salaire médian france insee,500
Intérim & contrats,exemple lettre demission,500
Métiers & fiches métier,controleur financier,500
Autres,que veut dire crs,500
Autres,offre emploi rh,500
Salaire & droit,salaire assistant de direction,500
Autres,bertrandt,500
Autres,hrbp c'est quoi,500
Autres,projeteur,500
Autres,air caraib,500
Salaire & droit,salaire cybersécurité,450
Salaire & droit,directeur commercial salaire,450
Salaire & droit,salaire d'une infirmière,450
Autres,logiciel cv,450
Autres,b 2,450
Intérim & contrats,interimaire santé.fr,450
Autres,offre d'emploi comptable,450
Autres,cv gratuit a remplir,450
Autres,fourragère,450
Intérim & contrats,demission preavis,450
Autres,oril industrie,450
Salaire & droit,taux brut net,450
Autres,directeur juridique,450
Local : intérim + ville,interim tarbes,450
Salaire & droit,calculer un salaire net,450
Autres,point faible entretien,450
Autres,femme pilote de chasse,450
Autres,mickael page,450
Autres,amphenol socapex,450
Salaire & droit,infirmière salaire,450
Autres,site de covoiturage longue distance,450
Autres,délégué médical,450
Local : intérim + ville,cabinet de recrutement toulouse,450
Autres,jet aviation,450
Local : intérim + ville,juriste paris,450
Autres,easy jet check in,450
Salaire & droit,difference entre brut et net,450
Intérim & contrats,taux horaire interim,450
Local : intérim + ville,agence d'intérim toulouse,450
Autres,osac,450
Intérim & contrats,interim sete,450
Local : intérim + ville,interim cannes,450
Métiers & fiches métier,ajusteur,450
Autres,emploi oyonnax,450
Intérim & contrats,offre interim,450
Local : intérim + ville,interim bourges,450
Intérim & contrats,interim et chomage,450
Intérim & contrats,interim roissy,450
Intérim & contrats,interim soissons,450
Local : intérim + ville,interim cholet,450
Intérim & contrats,interim epinal,450
Autres,pplog,450
Autres,emploi langon,450
Autres,aena,450
Salaire & droit,difference brut et net,450
Autres,cfm international,450
Autres,poly studio,450
Autres,gestion des conflits,450
Autres,pipistrel,450
Autres,contact geodis,450
Intérim & contrats,preavis pour demission,450
Salaire & droit,brit en net,450
Autres,gestion des achats,450
Autres,sr71 blackbird,450
Aéro : marques & actu,safran alternance,450
Autres,hr business partner,450
Local : intérim + ville,cabinet de recrutement bordeaux,450
Salaire & droit,mediane salaire france,450
Autres,vision jet,450
Autres,liste compétences,450
Salaire & droit,exemple lettre de préavis,450
Autres,tld sorigny,450
Salaire & droit,calcul salaire brut et net,450
Salaire & droit,brut bet,450
Local : intérim + ville,agence intérim paris,450
Autres,su 47,450
Autres,palettiseur,450
Autres,diehl,450
Salaire & droit,comment calculer un salaire net,450
Salaire & droit,calcul brut au net,450
Salaire & droit,calculatrice salaire brut net,450
Intérim & contrats,interim saint brieuc,450
Salaire & droit,brut et net différence,450
Intérim & contrats,excellence interim,450
Métiers & fiches métier,ajusteur monteur,400
Intérim & contrats,cdd ete,400
Intérim & contrats,interim rodez,400
Autres,disneyland recrutement,400
Intérim & contrats,interim mantes la jolie,400
Autres,site recrutement,400
Autres,je serai absent,400
Autres,réunion d'équipe,400
Autres,sujet tabou,400
Autres,mca maubeuge,400
Autres,micheal page,400
Salaire & droit,800 brut en net,400
Autres,jetson one,400
Autres,ingénieur structure,400
Autres,combien gagne un ingénieur,400
Aéro : marques & actu,emploi safran,400
Salaire & droit,salaire brut et net calcul,400
Autres,emploi rh,400
Intérim & contrats,interim carcassonne,400
Autres,aviation d'affaires,400
Autres,onestaff,400
Local : intérim + ville,interim restauration paris,400
Local : intérim + ville,interim vitrolles,400
Intérim & contrats,interim belfort,400
Autres,air berlin,400
Autres,geodis téléphone service client gratuit,400
Autres,ifr,400
Intérim & contrats,mutuel interimaire,400
Autres,chief happiness officer,400
Intérim & contrats,interim poissy,400
Intérim & contrats,interim frejus,400
Intérim & contrats,interim mission,400
Intérim & contrats,interim ile de france,400
Intérim & contrats,interim dreux,400
Salaire & droit,agent de nettoyage industriel,400
Autres,eric kirstetter,400
Intérim & contrats,interim etudiant,400
Intérim & contrats,interim dole,400
Salaire & droit,net vs brut,400
Salaire & droit,6000 brut en net,400
Autres,auditeur interne,400
Autres,boing 787,400
Salaire & droit,salaire net median france,400
Salaire & droit,comment calculer salaire brut en net,400
Autres,expliseat,400
Aéro : marques & actu,airbus careers,400
Autres,asb,400
Autres,responsable de production,400
Salaire & droit,60k brut en net,400
Intérim & contrats,credit interimaire,400
Autres,jetson,400
Autres,macon vrd,400
Local : intérim + ville,intérim bordeaux,400
Local : intérim + ville,interim vannes,400
Autres,diamond da62,400
Autres,justine coutard,400
Autres,edge 1050,400
Autres,crj 900,400
Autres,fives maintenance,400
Autres,aeropyrenees,400
Autres,recherche nounou urgent,400
Autres,alyzia,400
Intérim & contrats,interim dax,400
Autres,echafaudeur,400
Salaire & droit,rémunération brut net,400
Autres,coffreur,400
Intérim & contrats,courrier de démission,400
Intérim & contrats,interim chalon sur saone,400
Intérim & contrats,manutentionnaire interim,400
Intérim & contrats,interim en ligne,400
Salaire & droit,brut en bet,400
Intérim & contrats,mutuelle interimaire sante,400
Salaire & droit,transformer brut en net,400
Intérim & contrats,mission intérim sans expérience,400
Autres,biométrique,400
Intérim & contrats,interim management,400
Autres,data analyst c'est quoi,400
Autres,elta,400
Autres,entreprise aéronautique,400
Autres,air algerie numero france,400
Salaire & droit,convertisseur brut net salaire,400
Intérim & contrats,lettre de demission avec preavis,400
Intérim & contrats,cdd cdi,400
Autres,c5 galaxy,400
Salaire & droit,salaire d'un avocat,400
Salaire & droit,salaire brut vs net,400
Autres,ccps,400
Salaire & droit,juriste salaire net,400
Intérim & contrats,interim laval,400
Autres,heli air monaco,400
Autres,recrutement assurance,400
Autres,pages personnel,400
Autres,sr72,400
Autres,da62,400
Autres,air guyane,400
Salaire & droit,conversion salaire net en brut,400
Formation & reconversion,formation poid lourd rémunéré,400
Autres,global 6000,400
Autres,responsable informatique,400
Autres,la conduite du changement,400
Autres,job etudiant aout,350
Intérim & contrats,interim sarreguemines,350
Intérim & contrats,interim saint quentin,350
Intérim & contrats,interim saint malo,350
Intérim & contrats,intérim logistique,350
Autres,job d ete,350
Intérim & contrats,interim muret,350
Intérim & contrats,interim pontault combault,350
Intérim & contrats,interim lieusaint,350
Intérim & contrats,interim voiron,350
Intérim & contrats,interim sens,350
Autres,avia news,350
Autres,tarif resident corse,350
Autres,chef d'équipe logistique,350
Intérim & contrats,preavis demission cdi,350
Métiers & fiches métier,préparateur de commande salaire,350
Métiers & fiches métier,contrôleur qualité,350
Métiers & fiches métier,salaire preparateur de commande,350
Autres,carpooling,350
Autres,responsable production,350
Autres,emploi honfleur,350
Autres,cirrus jet,350
Autres,schiebel,350
Autres,offre d'emploi fontenay le comte,350
Intérim & contrats,interim salon de provence,350
Autres,bollore logistics,350
Intérim & contrats,démissionner sans préavis,350
Salaire & droit,différence net et brut,350
Intérim & contrats,interim meyzieu,350
Salaire & droit,salaire moyen france 2025,350
Autres,bodycote,350
Salaire & droit,passer de brut a net,350
Autres,asl france,350
Salaire & droit,salairebrutnet,350
Autres,su 30,350
Autres,hrbp def,350
Salaire & droit,salaire brut en.net,350
Salaire & droit,brut ennet,350
Autres,supercalculateur,350
Salaire & droit,salaire median francais,350
Autres,politique rh,350
Salaire & droit,salaire directeur financier,350
Salaire & droit,cabinet rh,350
Autres,f-22 raptor,350
Intérim & contrats,interim chartres,350
Autres,yakovlev yak-130,350
Intérim & contrats,modele demission,350
Autres,directeur securite civile,350
Intérim & contrats,intérimaires prévoyance,350
Autres,c 17,350
Intérim & contrats,interim manutention,350
Autres,test sosie,350
Salaire & droit,calcul du brut en net,350
Salaire & droit,dessinateur projeteur salaire,350
Autres,ouvrier agroalimentaire,350
Intérim & contrats,prevoyance interim,350
Intérim & contrats,interim pontoise,350
Autres,combien gagne un banquier,350
Aéro : marques & actu,safran recrutement contact,350
Aéro : marques & actu,offre d'emploi safran,350
Salaire & droit,salaire median net france,350
Intérim & contrats,interim quimper,350
Intérim & contrats,inventoriste interim,350
Local : intérim + ville,agence interim pau,350
Autres,vbmr griffon,350
Intérim & contrats,modèle lettre de demission,350
Aéro : marques & actu,offre emploi safran,350
Local : intérim + ville,liste des avocats inscrits au barreau de paris,350
Métiers & fiches métier,préparateur de commande intérim,350
Autres,optronique,350
Intérim & contrats,interim arles,350
Local : intérim + ville,agence interim brest,350
Autres,babcock france,350
Autres,la tech,350
Aéro : marques & actu,safran carrière,350
Salaire & droit,salaire moyen net en france,350
Autres,lettre adresse,350
Local : intérim + ville,agence interim nantes,350
Autres,salon du bourget 2027,350
Autres,annonce de recrutement,350
Autres,transavia recrutement,350
Autres,banque recrutement,350
Salaire & droit,cabinet de recrutement commercial,350
Autres,cavok,350
Salaire & droit,cabinet de recrutement it,350
Salaire & droit,salaire brut en net france,350
Autres,combien gagne un avocat par mois,350
Autres,ateq,350
Autres,compétences personnelles,350
Autres,locapass garant,350
Autres,comment rediger un cv,350
Autres,actualités défense,350
Autres,kelly services,350
Autres,ipsa classement,350
Intérim & contrats,délai de préavis démission,350
Autres,revenu median francais,350
Autres,impact positif,350
Salaire & droit,planete jupiter,350
Autres,comment demander une augmentation,350
Autres,daf de transition,350
Salaire & droit,48000 brut en net,350
Intérim & contrats,prévoyance interimaire,350
Autres,etihad business class,350
Salaire & droit,maintien de salaire accident de travail,350
Autres,responsable juridique,350
Intérim & contrats,interim aix en provence,350
Autres,conducteur poids lourd,350
Intérim & contrats,interim creil,350
Autres,caiman helico,350
Autres,bruxelles zaventem,350
Intérim & contrats,interim beaune,350
Autres,déclaration de vol en ligne,350
Salaire & droit,salaire brut et salaire net,350
Autres,test de couleur,350
Autres,sikorsky,350
Autres,f10x,350
Salaire & droit,salaire avocat débutant,350
Intérim & contrats,interim montargis,350
Intérim & contrats,interim lunel,350
Intérim & contrats,agence interim lorient,350
Intérim & contrats,interim chalons en champagne,350
Autres,éditeur vidéo,350
Intérim & contrats,interim vitré,300
Autres,job d'été 15 ans,300
Intérim & contrats,interim noisy le grand,300
Intérim & contrats,interim cambrai,300
Local : intérim + ville,agence interim bayonne,300
Intérim & contrats,agence interim haguenau,300
Local : intérim + ville,boite interim bordeaux,300
Intérim & contrats,interim banque,300
Autres,job etudiant ete,300
Intérim & contrats,interim cavaillon,300
Autres,travail ete,300
Autres,emploi ete,300
Autres,méaulte,300
Salaire & droit,responsable paie,300
Salaire & droit,brut mensuel en net,300
Autres,daf metier,300
Intérim & contrats,interim angouleme,300
Intérim & contrats,lettre de demission main propre,300
Autres,gps europeen,300
Autres,contact air caraibes,300
Métiers & fiches métier,emploi controleur de gestion,300
Autres,software developer,300
Autres,leonardo spa,300
Local : intérim + ville,boite interim toulouse,300
Salaire & droit,calcule salaire brut en net,300
Autres,directeur supply chain,300
Salaire & droit,salaire brut ou net,300
Autres,competence professionnel,300
Intérim & contrats,brut en net interim,300
Local : intérim + ville,cabinet de recrutement marseille,300
Métiers & fiches métier,matériaux composites aéronautique,300
Autres,beechcraft king air,300
Salaire & droit,pourcentage salaire brut net,300
Autres,compétences professionnelles cv,300
Intérim & contrats,interim fougeres,300
Intérim & contrats,site interim,300
Intérim & contrats,cet intérim déblocage,300
Autres,emploi été,300
Intérim & contrats,job etudiant interim,300
Autres,compétence dans un cv,300
Salaire & droit,salaire directeur commercial,300
Autres,competence a mettre sur cv,300
Autres,que mettre sur son cv,300
Autres,type de cv,300
Autres,workaholic def,300
Intérim & contrats,interim vernon,300
Intérim & contrats,agence interim bourg en bresse,300
Autres,nearshoring,300
Autres,agent de tri nuit,300
Salaire & droit,quelle est le salaire moyen en france,300
Autres,poste comptable,300
Local : intérim + ville,agence intérim toulouse,300
Métiers & fiches métier,salaire moyen infirmier,300
Autres,chef de cabine,300
Autres,ecole de pilotage,300
Intérim & contrats,lettre de démission type,300
Métiers & fiches métier,salaire net infirmiere,300
Salaire & droit,comment demander une augmentation de salaire,300
Autres,cfm 56,300
Autres,jancovici jeune,300
Autres,13e rdp,300
Autres,ventana,300
Intérim & contrats,interim menage,300
Intérim & contrats,agence interim la roche sur yon,300
Intérim & contrats,interim mont de marsan,300
Autres,aviapartner,300
Intérim & contrats,comment rédiger une lettre de démission,300
Autres,combien gagne un expert comptable,300
Autres,revenu median france,300
Autres,michel page,300
Autres,ecrire un cv,300
Intérim & contrats,rédiger une lettre de démission,300
Salaire & droit,cabinet de recrutement tech,300
Local : intérim + ville,agence air algerie paris,300
Autres,cv 16 ans,300
Autres,camm,300
Autres,liste compétences professionnelles,300
Autres,job opportunities,300
Intérim & contrats,interim auch,300
Salaire & droit,brut annuel en net mensuel,300
Autres,emploi conducteur d'engins,300
Intérim & contrats,interim lens,300
Autres,combien gagne un comptable,300
Autres,laurent favre,300
Intérim & contrats,avis sur intérimaires santé,300
Autres,goodrich,300
Intérim & contrats,interim chateau thierry,300
Autres,frais de douane angleterre france,300
Salaire & droit,estimation salaire net,300
Local : intérim + ville,jugaad paris,300
Intérim & contrats,préavis démission cadre,300
Autres,lca60t,300
Local : intérim + ville,paris job,300
Intérim & contrats,interim aulnay sous bois,300
Autres,contrôle qualité,300
Autres,ozone layer,300
Autres,franck saudo,300
Autres,emploi cavaillon,300
Autres,piper m350,300
Local : intérim + ville,juriste droit social paris,300
Autres,compétence technique,300
Autres,flexeo,300
Salaire & droit,différence salaire brut et net pourcentage,300
Intérim & contrats,agent de tri interim,300
Salaire & droit,salaire annuel moyen france,300
Autres,air caraibes recrutement,300
Autres,secteur industriel,300
Salaire & droit,salaire moyen france net,300
Intérim & contrats,interim bussy saint georges,300
Intérim & contrats,démission préavis cdi,300
Métiers & fiches métier,préparateur de commandes,300
Autres,cirrus aircraft,300
Salaire & droit,calculette brut net,300
Autres,partenair,300
Autres,offre emploi comptable,300
Autres,livraison geodis,300
Autres,sr-72,300
Autres,pro man,300
Intérim & contrats,interim versailles,300
Autres,assessement,300
Autres,pc 12,300
Intérim & contrats,délai préavis démission,300
Intérim & contrats,prévoyance intérimaire,300
Intérim & contrats,intérimaire santé numéro,300
Autres,robinson r22,300
Autres,vision systems,300
Salaire & droit,brut en net.,300
Autres,biologie medicale,300
Salaire & droit,brut en,300
Salaire & droit,salaire expert comptable par mois,300
Salaire & droit,conversion brut net france,300
Intérim & contrats,interim a proximité,300
Autres,agence royal air maroc france,300
Intérim & contrats,interim saint denis,300
Intérim & contrats,interimairesante,300
Intérim & contrats,modele lettre de démission remise en main propre,300
Autres,c17 globemaster,300
Intérim & contrats,interim pessac,300
Autres,appli covoiturage,300
Intérim & contrats,interim martigues,300
Autres,airlec air espace,300
Salaire & droit,salaire moyen comptable,300
Autres,garmin s62,300
Autres,garmin coach,300
Intérim & contrats,boite interim lens,300
Autres,manager transition,300
Aéro : marques & actu,safran job,300
Intérim & contrats,mission jeanne d'arc,300
Autres,terlian,300
Salaire & droit,calculer le salaire brut en net,300
Autres,job postings,300
Salaire & droit,commercial salaire,300
Autres,drop mms,300
Autres,recrutement rh,300
Autres,crédit foncier prêt immobilier,300
Autres,melun villaroche,300
Salaire & droit,salaire moyen france brut,300
Salaire & droit,salaire moyen avocat,300
Intérim & contrats,interim bergerac,300
Salaire & droit,comment calculer du brut au net,300
Salaire & droit,ingénieur biomédical salaire,300
Autres,comment rédiger un cv,300
Intérim & contrats,interim la roche sur yon,300
Intérim & contrats,interim selestat,300
Intérim & contrats,interim vichy,300
Intérim & contrats,interim libourne,300
Intérim & contrats,agence interim roanne,300
Intérim & contrats,modèle de lettre de démission avec préavis,300
Salaire & droit,salaire brut moyen france,300
Salaire & droit,c'est quoi un préavis,300
Salaire & droit,brut en net imposable,300
Intérim & contrats,exemple lettre de démission sans préavis,300
Intérim & contrats,smic interim,300
Autres,competences sur un cv,250
Intérim & contrats,interim dinan,250
Autres,job ete aout,250
Intérim & contrats,congés payés interim,250
Intérim & contrats,interim bourgoin,250
Intérim & contrats,interim saint quentin fallavier,250
Intérim & contrats,interim.,250
Autres,job dete,250
Autres,emploi directeur,250
Autres,covoiturage pas cher,250
Intérim & contrats,interimaire santé mutuelle,250
Autres,geodis service client,250
Autres,jack krine,250
Salaire & droit,calculer du brut au net,250
Intérim & contrats,intérim restauration,250
Local : intérim + ville,egyptair paris,250
Autres,contact royal air maroc france,250
Salaire & droit,calcule net brut,250
Autres,métiers de la tech,250
Salaire & droit,salaire d'un banquier,250
Autres,emploi oloron sainte marie,250
Local : intérim + ville,offre d emploi paris,250
Autres,kongsberg gruppen,250
Intérim & contrats,interim moulins,250
Intérim & contrats,interim manosque,250
Intérim & contrats,facteur interim,250
Autres,aibus,250
Autres,b 2 spirit,250
Salaire & droit,salaire maçon,250
Salaire & droit,avocate salaire,250
Intérim & contrats,interim pontarlier,250
Intérim & contrats,interim remiremont,250
Salaire & droit,durée de préavis,250
Intérim & contrats,interim gennevilliers,250
Intérim & contrats,interim et recrutement,250
Intérim & contrats,agence d'emploi,250
Autres,job etudiant été,250
Autres,job d'été 16 ans,250
Intérim & contrats,interim cherbourg,250
Intérim & contrats,interim pamiers,250
Intérim & contrats,agence interim macon,250
Intérim & contrats,compte epargne temps interim,250
Intérim & contrats,agence interim carcassonne,250
Salaire & droit,7000 brut en net,250
Salaire & droit,brut a net france,250
Salaire & droit,salair brut en net,250
Salaire & droit,75000 brut en net,250
Autres,demand generation,250
Intérim & contrats,agence interim quimper,250
Autres,apna,250
Intérim & contrats,interim saverne,250
Salaire & droit,assistante commerciale salaire,250
Autres,aude lemordant,250
Local : intérim + ville,royal air maroc paris téléphone,250
Autres,bon manager,250
Intérim & contrats,interim saint avold,250
Salaire & droit,salaire beut en net,250
Autres,assistant technique,250
Autres,offre emploi marmande,250
Autres,communication emploi,250
Intérim & contrats,boite interim maubeuge,250
Autres,textron aviation,250
Salaire & droit,manutentionnaire salaire,250
Autres,authentification biométrique,250
Intérim & contrats,agence interim montelimar,250
Autres,royal air maroc contact france,250
Autres,c-17,250
Salaire & droit,salaire brut et net différence,250
Salaire & droit,calcul salaire net à partir du brut,250
Autres,offre d'emploi logistique,250
Salaire & droit,cabinet de recrutement marketing,250
Local : intérim + ville,agence interim tarbes,250
Autres,poste rh,250
Autres,lru,250
Autres,ingénieur au féminin,250
Autres,avitailleur,250
Autres,air caraibes wifi,250
Salaire & droit,ingénieur en aéronautique salaire,250
Autres,p47,250
Salaire & droit,brut ney,250
Autres,fokker,250
Salaire & droit,salaire moyen des français,250
Autres,code des douanes,250
Intérim & contrats,paie interim,250
Intérim & contrats,interim thionville,250
Intérim & contrats,pret pour interimaire,250
Local : intérim + ville,recherche emploi paris,250
Intérim & contrats,interim gap,250
Intérim & contrats,combien de préavis pour une démission,250
Autres,numero royal air maroc,250
Autres,gifas,250
Autres,but aéronautique,250
Autres,sofema,250
Intérim & contrats,mutuelle interim,250
Salaire & droit,net brut france,250
Intérim & contrats,agence interim aix en provence,250
Salaire & droit,le salaire moyen en france,250
Autres,phenom 100,250
Autres,curtiss wright,250
Autres,ge9x,250
Salaire & droit,calculer mon salaire net,250
Intérim & contrats,agence interim belfort,250
Autres,jeune diplômé,250
Intérim & contrats,lettre demission cdd,250
Autres,assurance recrutement,250
Aéro : marques & actu,airbus emploi,250
Autres,crm manager,250
Salaire & droit,salaire net france,250
Local : intérim + ville,cabinet recrutement nantes,250
Intérim & contrats,boite interim beauvais,250
Intérim & contrats,agence interim narbonne,250
Autres,job search,250
Autres,pc 24,250
Local : intérim + ville,corsair paris,250
Intérim & contrats,modele de lettre de demission sans preavis,250
Autres,groupe liebot,250
Autres,site de recrutement cadre,250
Intérim & contrats,intérimaire prevoyance,250
Salaire & droit,transformer salaire brut en net,250
Aéro : marques & actu,airbus helicopters recrutement,250
Salaire & droit,calculateur net brut,250
Autres,offre emploi juriste,250
Formation & reconversion,devenir chauffeur poids lourd,250
Autres,instructeur,250
Autres,comment trouver du babysitting,250
Autres,bon cv,250
Intérim & contrats,interim sans expérience,250
Salaire & droit,salaire brut to net,250
Autres,h130,250
Métiers & fiches métier,technicien support,250
Salaire & droit,salaire daf,250
Autres,cv mineur,250
Salaire & droit,moyenne des salaires en france,250
Autres,royal air maroc numero,250
Autres,gestion de la maintenance,250
Autres,infrared,250
Autres,exemple de compétences,250
Autres,ingénieur recherche et développement,250
Autres,comment construire un cv,250
Intérim & contrats,agence interim chalon sur saone,250
Autres,architecte applicatif,250
Intérim & contrats,demission lettre,250
Intérim & contrats,interim mutuelle,250
Autres,antenne gign carte,250
Salaire & droit,salaire ingenieur en aeronautique,250
Salaire & droit,34k brut en net,250
Autres,stephane ougier,250
Autres,antavia,250
Salaire & droit,pourcentage entre brut et net,250
Autres,ressources humaines emploi,250
Métiers & fiches métier,intérim aide soignante,250
Autres,site babysitter,250
Intérim & contrats,agence d interim,250
Intérim & contrats,interim saumur,250
Intérim & contrats,sante interimaire,250
Salaire & droit,quel est le salaire médian en france,250
Salaire & droit,burt net,250
Salaire & droit,salaire juriste d'entreprise,250
Autres,jean paul alary,250
Autres,air caraïbes préférence mon compte,250
Autres,f35b,250
Local : intérim + ville,agence corsair paris,250
Intérim & contrats,interim bressuire,250
Intérim & contrats,lettre demission modele,250
Métiers & fiches métier,emploi technicien informatique,250
Local : intérim + ville,cabinet de recrutement nantes,250
Intérim & contrats,courrier démission,250
Autres,bombardier challenger 350,250
Intérim & contrats,model lettre de demission,250
Intérim & contrats,interim agence,250
Intérim & contrats,interim ancenis,250
Intérim & contrats,lettre de demission type,250
Intérim & contrats,interim colomiers,250
Autres,air austral téléphone,250
Autres,ingénieur hse,250
Salaire & droit,salaire moyen ingénieur france,250
Intérim & contrats,boite interim chalon sur saone,250
Autres,management transition,250
Autres,facteur de charge,250
Salaire & droit,phrase pour demander une augmentation de salaire,250
Autres,management horizontal,250
Autres,exemple de compétence cv,250
Autres,assistant personnel,250
Autres,compétences sur un cv exemple,250
Intérim & contrats,interim langon,250
Métiers & fiches métier,technicien d'exploitation,250
Autres,offre emploi cadre,250
Métiers & fiches métier,interim aide soignant,250
Autres,numéro de téléphone air caraïbes,250
Salaire & droit,cabinet de recrutement rh,250
Local : intérim + ville,agence d'interim paris,250
Autres,emploi audiovisuel,250
Autres,qsuite,250
Local : intérim + ville,boite interim nantes,250
Intérim & contrats,interim massy,250
Intérim & contrats,credit auto interimaire,250
Salaire & droit,cabinet recrutement tech,250
Salaire & droit,calcul brute net,250
Intérim & contrats,lettre demission cdi,250
Autres,un manager,250
Intérim & contrats,interim louhans,250
Autres,icon a5,250
Autres,administrateur réseaux,250
Intérim & contrats,boite interim saint quentin,250
Salaire & droit,brut net différence,250
Intérim & contrats,agence interim beziers,250
Autres,777-9,250
Intérim & contrats,interim grasse,250
Intérim & contrats,interim brignoles,250
Intérim & contrats,interim cuisine,250
Intérim & contrats,interim hazebrouck,250
Intérim & contrats,agence interim voiron,250
Autres,gestion opérationnelle,250
Local : intérim + ville,interim evenementiel paris,250
Autres,offre d'emploi altkirch,250
Intérim & contrats,interim roissy cdg,250
Local : intérim + ville,recrutement paris,250
Salaire & droit,responsable rh salaire,250
Salaire & droit,salaire responsable rh,250
Salaire & droit,office manager salaire,250
Local : intérim + ville,salaire tech lead paris,250
Autres,compétence cv exemple,250
Autres,consolideur,250
Autres,idée compétence cv,250
Intérim & contrats,interim albertville,250
Intérim & contrats,interim perigueux,250
Autres,réalisation cv,250
Autres,eric béranger,250
Salaire & droit,cabinet de recrutement aix en provence,200
Autres,cv de competence,200
Intérim & contrats,agence interim restauration,200
Autres,travail d'ete,200
Intérim & contrats,interim chatellerault,200
Autres,ceit,200
Intérim & contrats,interim disney,200
Intérim & contrats,agences d'intérim,200
Intérim & contrats,interim gien,200
Intérim & contrats,interim montluçon,200
Intérim & contrats,interim boulogne billancourt,200
Intérim & contrats,interim sarrebourg,200
Intérim & contrats,intérim job étudiant,200
Intérim & contrats,boite interim cambrai,200
Intérim & contrats,mission en interim,200
Intérim & contrats,interim vesoul,200
Métiers & fiches métier,offre controleur de gestion,200
Autres,su30,200
Autres,daher recrutement,200
Autres,team emploi,200
Autres,rqth emploi,200
Intérim & contrats,agence emploi,200
Local : intérim + ville,interim saint nazaire,200
Intérim & contrats,interim le puy en velay,200
Local : intérim + ville,airbus recrutement toulouse,200
Intérim & contrats,exemple de lettre de démission avec préavis,200
Salaire & droit,salaire brut annuel en net mensuel,200
Autres,comptable conseil,200
Local : intérim + ville,manager de transition paris,200
Autres,trigo group,200
Intérim & contrats,interim france,200
Intérim & contrats,agence interim selestat,200
Intérim & contrats,agence interim charleville,200
Autres,poly+,200
Autres,offre rh,200
Autres,compétences développées,200
Autres,offre d'emploi formateur,200
Intérim & contrats,interim romans,200
Intérim & contrats,interim monistrol sur loire,200
Intérim & contrats,interim pithiviers,200
Métiers & fiches métier,formation ajusteur monteur aéronautique,200
Intérim & contrats,boites interim,200
Intérim & contrats,job étudiant intérim,200
Autres,emploi dieuze,200
Intérim & contrats,agence interim rodez,200
Intérim & contrats,interim riom,200
Intérim & contrats,interim saint louis,200
Intérim & contrats,agence interim bain de bretagne,200
Intérim & contrats,agence interim montargis,200
Intérim & contrats,interim saint die,200
Intérim & contrats,interim pontivy,200
Salaire & droit,salaire comptable suisse,200
Intérim & contrats,interim dieppe,200
Intérim & contrats,interim chateaubriant,200
Intérim & contrats,interim henin beaumont,200
Intérim & contrats,agence interim laval,200
Métiers & fiches métier,peintre aeronautique,200
Intérim & contrats,boite interim cherbourg,200
Intérim & contrats,agence interim logistique,200
Autres,office manager fiche de poste,200
Autres,flexrotor,200
Salaire & droit,cabinet recrutement informatique,200
Intérim & contrats,interim le creusot,200
Salaire & droit,diff brut et net,200
Salaire & droit,salaire moyen brut france,200
Autres,emploi finance,200
Autres,pagegroup,200
Autres,babouc,200
Salaire & droit,estimation salaire brut net,200
Autres,agence corsair,200
Autres,aircaledonie,200
Intérim & contrats,comment écrire une lettre de démission,200
Autres,clef job,200
Autres,salon aeronautique,200
Salaire & droit,salaire avocat par mois,200
Autres,contact royal air maroc,200
Intérim & contrats,agence interim thionville,200
Autres,distributed energy resources,200
Intérim & contrats,interim agroalimentaire,200
Autres,aide pour cv,200
Intérim & contrats,cdd et cdi,200
Salaire & droit,accident de travail maintien de salaire,200
Autres,coffeo,200
Autres,contrôle de gestion industriel,200
Autres,king air,200
Autres,wifi elal,200
Salaire & droit,10000 brut en net,200
Autres,recrutement monaco,200
Autres,financial controller,200
Autres,wind tunnel,200
Autres,trouver une babysitter,200
Autres,page group,200
Salaire & droit,brut vers net salaire,200
Autres,compagnie hop,200
Autres,juriste emploi,200
Autres,garantie loca pass,200
Intérim & contrats,modèle lettre de démission cesu sans préavis,200
Intérim & contrats,interim chateaudun,200
Autres,tour de contrôle,200
Autres,leap moteur,200
Salaire & droit,bruts en nets,200
Autres,assistante technique,200
Autres,emploi responsable comptable,200
Intérim & contrats,intérim sans expérience,200
Autres,cv ado 16 ans,200
Intérim & contrats,lettre de démission cdd sans préavis,200
Intérim & contrats,agence intérim rungis,200
Aéro : marques & actu,safran emplois,200
Intérim & contrats,lettre de démission sans préavis pour raison personnelle,200
Autres,aristide briand lycée,200
Intérim & contrats,lettre de démission avec préavis 1 mois,200
Intérim & contrats,agence interim aubagne,200
Salaire & droit,conversion brut et net,200
Autres,coordinateur technique,200
Autres,gestionnaire adv c'est quoi,200
Autres,air cargo,200
Intérim & contrats,lettre de démission courte,200
Autres,revenu median,200
Intérim & contrats,lettre de démission classique,200
Intérim & contrats,interim pharmaceutique,200
Intérim & contrats,mutuelle santé interimaire,200
Local : intérim + ville,aircalin paris contact,200
Autres,offre emploi developpeur full stack,200
Salaire & droit,annuel brut en net,200
Salaire & droit,salaire net a brut,200
Salaire & droit,planete naine systeme solaire,200
Autres,revenu médian,200
Autres,directeur logistique,200
Autres,leonardo italie,200
Salaire & droit,salaire chef de cabine air france,200
Métiers & fiches métier,composite aéronautique,200
Salaire & droit,brut net salaire calcul,200
Local : intérim + ville,recrutement bordeaux,200
Autres,rapidfire,200
Salaire & droit,net brut conversion,200
Salaire & droit,convertion brut en net,200
Salaire & droit,taux brut en net,200
Autres,directeur de la communication,200
Intérim & contrats,agence interim epinal,200
Autres,mtu aero engines,200
Intérim & contrats,interim fontenay le comte,200
Autres,covoiturage france,200
Intérim & contrats,préavis cdi démission,200
Autres,débutant cv adolescent 15 ans,200
Autres,offre emploi saint quentin,200
Intérim & contrats,interim louviers,200
Autres,supply planning,200
Salaire & droit,le salaire,200
Aéro : marques & actu,airbus atlantic recrutement,200
Autres,genx,200
Autres,nicolas chamussy,200
Autres,logo adp,200
Aéro : marques & actu,safran recrutement alternance,200
Intérim & contrats,boite interim laval,200
Salaire & droit,calcul brut net france,200
Autres,hop !,200
Autres,chauffeur pl tp,200
Autres,emploi condom,200
Intérim & contrats,interim vendome,200
Salaire & droit,maintien de salaire accident du travail,200
Salaire & droit,quel est le salaire d'un avocat,200
Autres,recrutement responsable comptable,200
Autres,assurance marsh,200
Autres,délégué pharmaceutique,200
Intérim & contrats,interimaire prevoyance.fr,200
Autres,christian scherer,200
Autres,air mauritius contact,200
Autres,garmin edge 540 solar,200
Autres,cv bénévolat,200
Salaire & droit,revenu mensuel net,200
Autres,ingénieur système informatique,200
Autres,gestionnaire application,200
Autres,ebavureuse,200
Autres,objectif sur cv,200
Autres,pluton +,200
Salaire & droit,montant brut,200
Intérim & contrats,interim aubenas,200
Intérim & contrats,interim marmande,200
Salaire & droit,salaire responsable comptable et financier,200
Autres,offre emploi immobilier,200
Intérim & contrats,écrire une lettre de démission,200
Métiers & fiches métier,preparateur commande interim,200
Salaire & droit,pluton est elle une planete,200
Autres,agent de maitrise principal,200
Salaire & droit,salaire avocate,200
Salaire & droit,salaire brut median france,200
Autres,industrie aéronautique,200
Autres,lycée roger claustres,200
Local : intérim + ville,airbus marignane recrutement,200
Local : intérim + ville,boite interim brest,200
Autres,elirates,200
Autres,data scientist c'est quoi,200
Local : intérim + ville,agence interim cholet,200
Intérim & contrats,interim rumilly,200
Métiers & fiches métier,preparateur commande,200
Autres,mon compte préférence air caraïbes,200
Intérim & contrats,interim saint jean de maurienne,200
Autres,eori number france,200
Intérim & contrats,lettre de démission cdi avec préavis 1 mois,200
Intérim & contrats,prevoyance intérimaire,200
Formation & reconversion,devenir daf,200
Autres,agent tri,200
Salaire & droit,salaire net mensuel,200
Intérim & contrats,agence interim dax,200
Autres,recrutement it,200
Autres,king air 350,200
Intérim & contrats,préavis demission,200
Autres,corsair recrutement,200
Autres,emploi paray le monial,200
Autres,air algérie téléphone france,200
Autres,aerodrome lognes,200
Local : intérim + ville,intérim brest,200
Métiers & fiches métier,preparateur de commandes,200
Autres,cadre emplois,200
Autres,agent de trie,200
Autres,objectifs sur un cv,200
Intérim & contrats,agence interim saintes,200
Intérim & contrats,lettre de démission sans préavis cdi,200
Salaire & droit,en net,200
Autres,emploi recrutement,200
Autres,trouver une baby sitter,200
Autres,job monaco,200
Autres,tbs barcelone,200
Intérim & contrats,agence interim flers,200
Intérim & contrats,interim cognac,200
Autres,chauffeur poids-lourd,200
Autres,wifi air caraibes,200
Intérim & contrats,arrêt maladie intérim fin de mission,200
Intérim & contrats,interim le pontet,200
Autres,cv jeune 16 ans,200
Salaire & droit,8000 brut en net,200
Intérim & contrats,location voiture interim,200
Salaire & droit,simulateur brut net france,200
Intérim & contrats,formule de politesse lettre de démission,200
Autres,directeur de communication,200
Autres,sukhoi superjet 100,200
Local : intérim + ville,responsable rh toulouse,200
Autres,drh transition,200
Intérim & contrats,boite interim belfort,200
Intérim & contrats,exemple de lettre de démission sans préavis,200
Autres,carte de fidélité air caraibes,200
Autres,happy manager,200
Intérim & contrats,agence interim beauvais,200
Autres,responsable controle de gestion,200
Autres,fixation aéronautique,200
Intérim & contrats,interim cluses,200
Intérim & contrats,mail de demission,200
Autres,13eme rdp,200
Autres,corporate jet,200
Autres,carte air caraibes,200
Métiers & fiches métier,conducteur de ligne salaire,200
Autres,geh,200
Autres,inventoristes,200
Salaire & droit,comparateur salaire,200
Intérim & contrats,interim gare du nord,200
Autres,soupape de décompression,200
Salaire & droit,cabinet de recrutement alsace,200
Salaire & droit,directeur supply chain salaire,200
Autres,cv adolescent 16 ans,200
Autres,liste de defaut,200
Autres,myproman,200
Métiers & fiches métier,controleur qualité,200
Autres,responsable comptable offre,200
Autres,beriev be-200,200
Autres,fabula restaurant,200
Autres,contacter corsair,200
Autres,emploi chef de projet,200
Intérim & contrats,modele lettre démission,200
Local : intérim + ville,interime paris,200
Intérim & contrats,une lettre de démission,200
Autres,offre d'emploi directeur,200
Autres,verbe d action cv,200
Local : intérim + ville,offres emploi bordeaux,200
Local : intérim + ville,contact air algérie paris,200
Autres,compagnies aeriennes,200
Autres,comment recruter,200
Autres,boostaerospace,200
Autres,compagnie sas,200
Intérim & contrats,exemple de lettre de démission cdi,200
Autres,sustainable aviation fuel,200
Intérim & contrats,template lettre de démission,200
Autres,eca group,200
Intérim & contrats,cdi cdd,200
Intérim & contrats,interim chauffeur poids lourd,200
Salaire & droit,salaire net ou brut,200
Autres,responsable transport,200
Autres,un leader,200
Métiers & fiches métier,formation tuyauteur,200
Autres,marsh france,200
Local : intérim + ville,interim rochefort,200
Autres,cv cadre,200
Autres,offre emploi directeur,200
Autres,emplois cadres,200
Autres,emploi oloron,200
Autres,nhindustries,200
Salaire & droit,4000 euros brut en net,200
Autres,site baby sitting,200
Autres,objectif a mettre sur un cv,200
Salaire & droit,calculatrice net brut,200
Autres,air tahiti nui contact,200
Autres,jeune cv étudiant 17 ans,200
Autres,premium economy air caraibes,200
Autres,directeur de magasin,200
Autres,responsable du contrôle de gestion,200
Autres,marketing digital emploi,200
Autres,air austral téléphone gratuit,200
Autres,airfoils advanced solutions,200
Salaire & droit,salaire rh débutant,200
Intérim & contrats,interim palaiseau,200
Autres,rafael advanced defense systems,200
Autres,turbofan,200
Autres,parking p5 saint exupery,200
Autres,compétences à acquérir,200
Intérim & contrats,standard lettre de demission.,200
Autres,chauffeur poids lourd recrutement,200
Autres,classe premium air caraibes,200
Autres,marsh sas,200
Autres,conducteur pl,200
Autres,aeronefs,200
Autres,offre d'emploi vitré,200
Intérim & contrats,boite interim auxerre,200
Salaire & droit,salaire median france net,200
Autres,emploi chef de chantier,200
Local : intérim + ville,bordeaux interim,200
Autres,juriste corporate,200
Intérim & contrats,poser sa démission,200
Autres,mutuelle pour un mois,200
Aéro : marques & actu,airbus offre emploi,200
Autres,idemia vitré,200
Autres,un tat,200
Intérim & contrats,durée de préavis démission,200
Salaire & droit,salaire brut france,200
Intérim & contrats,lettre demission preavis 1 mois,200
Autres,monaco emploi,200
Autres,recrutement cadre,200
Autres,hondajet,200
Autres,facteur emploi,200
Autres,financial services,200
Autres,corsair numéro,200
Autres,ingénieur féminin,200
Autres,business analyst offre d'emploi,200
Autres,adv définition,200
Intérim & contrats,agence d intérim,200
Intérim & contrats,comment demissionner,200
Autres,responsable contrôle de gestion,200
Métiers & fiches métier,interim preparateur commande,200
Autres,hervé grandjean,200
Salaire & droit,daf salaire,200
Autres,data analyst fiche métier,200
Intérim & contrats,modele lettre de demission remis en main propre,200
Autres,royal air maroc numero france,200
Autres,hypersonic,200
Autres,grade sergent,200
Intérim & contrats,interim la ciotat,200
Salaire & droit,pourcentage salaire france,200
Intérim & contrats,agence interim rungis,200
Autres,nexteam group,200
Autres,piper aircraft,200
Autres,tvs diode,200
Autres,logiciel pour cv,200
Autres,gestion facture,200
Autres,it manager,200
Intérim & contrats,courrier demission,200
Autres,classe soleil air caraibes,200
Intérim & contrats,lettre de démission préavis,200
Autres,emploi saint jean de maurienne,200
Local : intérim + ville,boite d'interim nantes,200
Autres,nouvelair contact france,200
Autres,premier cv sans expérience 17 ans,200
Autres,pnc contact,200
Salaire & droit,france salaire moyen,200
Autres,exemple de cv lycéen,200
Autres,poste adv,200
Autres,yak 3,200
Intérim & contrats,interimaire prévoyance,200
Autres,jet fuel,200
Aéro : marques & actu,safran offre emploi,200
Salaire & droit,salaire brut en bet,200
Autres,métier devops,200
Salaire & droit,5500 brut en net,200
Autres,oslo gardermoen,200
Salaire & droit,60 000 brut en net,200
Autres,gign acronyme,200
Local : intérim + ville,agence corsair paris téléphone,200
Salaire & droit,cabinet de recrutement digital,200
Autres,modele cv open office,200
Salaire & droit,brute net france,200
Salaire & droit,34 000 brut en net,200
Autres,objectif d un cv,200
Autres,agent de tri colis,200
Salaire & droit,cabinet de conseil rh,200
Intérim & contrats,lettre type de demission,200
Local : intérim + ville,mission interim bordeaux,200
Autres,directeur transport,200
Autres,aubert duval,200
Salaire & droit,48k brut en net,200
Salaire & droit,salaire comptable bac+3,200
Autres,french bee telephone,200
Local : intérim + ville,agence d'intérim bordeaux,200
Formation & reconversion,cv diplome,200
Autres,g550,200
Autres,beechcraft king air 350,200
Autres,praxair,200
Autres,cadre recrutement,200
Salaire & droit,pyramide salaire france,200
Local : intérim + ville,agence interim vannes,200
Autres,medina gardens marrakech,200
Local : intérim + ville,travail bordeaux,200
Intérim & contrats,interim mineur,200
Salaire & droit,brut net salaire france,200
Intérim & contrats,interim saint ouen l'aumone,200
Salaire & droit,conversion net brut salaire,200
Intérim & contrats,btp interim,200
Autres,cantonier,200
Intérim & contrats,interim communication,200
Intérim & contrats,interim maubeuge,200
Autres,krit,200
Autres,conditionnement pharmaceutique,200
Autres,offre emploi été,200
Intérim & contrats,interim st quentin,200
Intérim & contrats,boite interim evenementiel,200
Intérim & contrats,agence interim obernai,200
Autres,jobs ete,200
Autres,travail été,200
Intérim & contrats,agence interim sens,200
Intérim & contrats,interim charleville,200
Intérim & contrats,agence intérim dole,200
Autres,job d'été étudiant,200
Intérim & contrats,interim parc des expositions,200
Intérim & contrats,interim issoire,200
Local : intérim + ville,agence interim vitrolles,200
Autres,recrutement été,200
Autres,recrutement job d'été,200
Autres,hr manager,200
Intérim & contrats,interim mitry mory,200
Intérim & contrats,agence interim muret,200
Intérim & contrats,interim saint omer,200
Local : intérim + ville,agence interim bourges,200
Intérim & contrats,interim sablé sur sarthe,200
Intérim & contrats,interim nucleaire,200
Autres,recrutement dirigeant,200
Salaire & droit,salaire responsable contrôle de gestion,200
Autres,les compétences sur un cv,200
Autres,cv exemple compétences,200
Métiers & fiches métier,salaire acheteur,200
Autres,qualité pour cv,200
Autres,les competence sur un cv,200
Autres,idées compétences cv,200
Salaire & droit,cabinet de recrutement cadre,200
Autres,cv conseils,200
Salaire & droit,brut en net euros,200
Autres,super tucano,200
Intérim & contrats,lettre de démission simple et courte,200
Autres,comptable generale,200
Intérim & contrats,intérimaire santé numéro de téléphone,200
Intérim & contrats,combien de preavis cdi,200
Intérim & contrats,agence interim vienne,200
Intérim & contrats,interim obernai,200
Intérim & contrats,agence interim chartres,200
Autres,recherche emploi cadre,200
Autres,aeds,200
Autres,offre d'emploi conducteur d'engins,200
Autres,job distribution,200
Intérim & contrats,agence interim dreux,200
Intérim & contrats,boite interim administratif,200
Intérim & contrats,interim restauration collective,200
Intérim & contrats,missions d'interim,200
Autres,emploi le quesnoy,200
Intérim & contrats,interim chaumont,200
Salaire & droit,salaire lead dev,200
Autres,domaine de compétences cv,200
Autres,cv compétence,200
Métiers & fiches métier,acheteur salaire,200
Autres,qualification cv,200
Autres,exemple de compétence dans un cv,200
Autres,quelles compétences mettre sur un cv,200
Autres,exemples de cv par compétences,200
Autres,competences cv exemples,200
Autres,cv de compétence,200
Autres,compétence dans un cv exemple,200
Autres,exemples de compétences dans un cv,200
Autres,idee competence cv,200
Autres,competence a mettre dans un cv,200
Intérim & contrats,comptable interim,200
Autres,compétence dans cv,200
Autres,savoir faire exemple cv,200
Autres,les competences sur un cv,200
Salaire & droit,contrôle de gestion salaire,200
Autres,savoir-faire exemple cv,200
Salaire & droit,responsable contrôle de gestion salaire,200
Autres,compétences cv exemple,200
Autres,exemples compétences cv,200
Autres,exemples de compétences cv,200
Autres,gestion des conflits au travail,200
Autres,exemple de cv competence,200
Autres,comment motiver une equipe,200
Autres,chargé de conformité,200
Autres,référence cv,200
Autres,compétence synonyme cv,200
Autres,executive search france,200